CustomerKey,Customer,CustomerName,City,State,PostalCode
1,CG-12520,Claire Gute,Henderson,Kentucky,42420
2,DV-13045,Darrin Van Huff,Los Angeles,California,90036
3,SO-20335,Sean O'Donnell,Fort Lauderdale,Florida,33311
4,BH-11710,Brosina Hoffman,Los Angeles,California,90032
5,AA-10480,Andrew Allen,Concord,North Carolina,28027
6,IM-15070,Irene Maddox,Seattle,Washington,98103
7,HP-14815,Harold Pawlan,Fort Worth,Texas,76106
8,PK-19075,Pete Kriz,Madison,Wisconsin,53711
9,AG-10270,Alejandro Grove,West Jordan,Utah,84084
10,ZD-21925,Zuschuss Donatelli,San Francisco,California,94109
11,KB-16585,Ken Black,Fremont,Nebraska,68025
12,SF-20065,Sandra Flanagan,Philadelphia,Pennsylvania,19140
13,EB-13870,Emily Burns,Orem,Utah,84057
14,EH-13945,Eric Hoffmann,Los Angeles,California,90049
15,TB-21520,Tracy Blumstein,Philadelphia,Pennsylvania,19140
16,MA-17560,Matt Abelman,Houston,Texas,77095
17,GH-14485,Gene Hale,Richardson,Texas,75080
18,SN-20710,Steve Nguyen,Houston,Texas,77041
19,LC-16930,Linda Cazamias,Naperville,Illinois,60540
20,RA-19885,Ruben Ausman,Los Angeles,California,90049
21,ES-14080,Erin Smith,Melbourne,Florida,32935
22,ON-18715,Odella Nelson,Eagan,Minnesota,55122
23,PO-18865,Patrick O'Donnell,Westland,Michigan,48185
24,LH-16900,Lena Hernandez,Dover,Delaware,19901
25,DP-13000,Darren Powers,New Albany,Indiana,47150
26,JM-15265,Janet Molinari,New York City,New York,10024
27,TB-21055,Ted Butterfield,Troy,New York,12180
28,KM-16720,Kunst Miller,Los Angeles,California,90004
29,PS-18970,Paul Stevenson,Chicago,Illinois,60610
30,BS-11590,Brendan Sweed,Gilbert,Arizona,85234
31,KD-16270,Karen Daniels,Springfield,Virginia,22153
32,HM-14980,Henry MacAllister,New York City,New York,10009
33,JE-15745,Joel Eaton,Memphis,Tennessee,38109
34,KB-16600,Ken Brennan,Houston,Texas,77041
35,SC-20770,Stewart Carmichael,Decatur,Alabama,35601
36,DN-13690,Duane Noonan,San Francisco,California,94122
37,JC-16105,Julie Creighton,Durham,North Carolina,27707
38,CS-12400,Christopher Schild,Chicago,Illinois,60623
39,PG-18895,Paul Gonzalez,Rochester,Minnesota,55901
40,GM-14455,Gary Mitchum,Houston,Texas,77095
41,JS-15685,Jim Sink,Los Angeles,California,90036
42,KB-16315,Karl Braun,Minneapolis,Minnesota,55407
43,RB-19705,Roger Barcio,Portland,Oregon,97206
44,PN-18775,Parhena Norris,New York City,New York,10009
45,KD-16345,Katherine Ducich,San Francisco,California,94122
46,ER-13855,Elpida Rittenbach,Saint Paul,Minnesota,55106
47,RB-19465,Rick Bensley,Chicago,Illinois,60610
48,GZ-14470,Gary Zandusky,Rochester,Minnesota,55901
49,LC-16870,Lena Cacioppo,Aurora,Colorado,80013
50,JM-15250,Janet Martin,Charlotte,North Carolina,28205
51,PA-19060,Pete Armstrong,Orland Park,Illinois,60462
52,CV-12805,Cynthia Voltz,New York City,New York,10035
53,CL-12565,Clay Ludtke,Urbandale,Iowa,50322
54,RC-19960,Ryan Crowe,Columbus,Ohio,43229
55,DK-13090,Dave Kipp,Seattle,Washington,98103
56,GG-14650,Greg Guthrie,Bristol,Tennessee,37620
57,SC-20725,Steven Cartwright,Wilmington,Delaware,19805
58,AD-10180,Alan Dominguez,Houston,Texas,77041
59,PF-19165,Philip Fox,Bloomington,Illinois,61701
60,TS-21610,Troy Staebel,Phoenix,Arizona,85023
61,LS-16975,Lindsay Shagiari,Los Angeles,California,90004
62,DW-13585,Dorothy Wardle,Columbus,Ohio,43229
63,LC-16885,Lena Creighton,Roseville,California,95661
64,JD-15895,Jonathan Doherty,Philadelphia,Pennsylvania,19140
65,SH-19975,Sally Hughsby,San Francisco,California,94122
66,SG-20080,Sandra Glassco,Independence,Missouri,64055
67,HA-14920,Helen Andreada,Pasadena,California,91104
68,MG-17680,Maureen Gastineau,Newark,Ohio,43055
69,JE-16165,Justin Ellison,Franklin,Wisconsin,53132
70,TW-21025,Tamara Willingham,Scottsdale,Arizona,85254
71,SP-20650,Stephanie Phelps,San Jose,California,95123
72,NK-18490,Neil Knudson,Seattle,Washington,98105
73,DB-13060,Dave Brooks,Seattle,Washington,98115
74,NP-18670,Nora Paige,Edmond,Oklahoma,73034
75,TT-21070,Ted Trevino,Los Angeles,California,90045
76,EM-13960,Eric Murdock,Philadelphia,Pennsylvania,19134
77,RD-19900,Ruben Dartt,Carlsbad,New Mexico,88220
78,MJ-17740,Max Jones,Seattle,Washington,98115
79,BM-11140,Becky Martin,San Antonio,Texas,78207
80,CS-12130,Chad Sievert,Los Angeles,California,90004
81,JB-15400,Jennifer Braxton,Chicago,Illinois,60623
82,SJ-20500,Shirley Jackson,Houston,Texas,77036
83,JK-15640,Jim Kriz,New York City,New York,10009
84,DK-13150,David Kendrick,Decatur,Illinois,62521
85,RM-19675,Robert Marley,Monroe,Louisiana,71203
86,SK-19990,Sally Knutson,Fairfield,Connecticut,6824
87,FM-14290,Frank Merwin,Los Angeles,California,90032
88,AM-10360,Alice McCarthy,Grand Prairie,Texas,75051
89,MP-17470,Mark Packer,New York City,New York,10035
90,MZ-17515,Mary Zewe,Redlands,California,92374
91,CB-12025,Cassandra Brandow,Hamilton,Ohio,45011
92,VM-21685,Valerie Mitchum,Westfield,New Jersey,7090
93,FH-14365,Fred Hopkins,Philadelphia,Pennsylvania,19120
94,MB-17305,Maria Bertelson,Akron,Ohio,44312
95,BS-11755,Bruce Stewart,Denver,Colorado,80219
96,LC-17140,Logan Currie,Dallas,Texas,75220
97,HK-14890,Heather Kirkland,Franklin,Tennessee,37064
98,LE-16810,Laurel Elliston,Whittier,California,90604
99,JH-15985,Joseph Holt,Saginaw,Michigan,48601
100,MS-17980,Michael Stewart,Dallas,Texas,75220
101,VW-21775,Victoria Wilson,Medina,Ohio,44256
102,JH-15910,Jonathan Howell,Los Angeles,California,90032
103,JB-15925,Joni Blumstein,Dublin,Ohio,43017
104,DS-13180,David Smith,Detroit,Michigan,48227
105,VD-21670,Valerie Dominguez,Columbia,Tennessee,38401
106,EA-14035,Erin Ashbrook,Charlotte,North Carolina,28205
107,DB-13120,David Bremer,Santa Clara,California,95051
108,KL-16645,Ken Lonsdale,Chicago,Illinois,60610
109,DW-13480,Dianna Wilson,Lakeville,Minnesota,55044
110,LH-17155,Logan Haushalter,San Francisco,California,94109
111,KC-16540,Kelly Collister,San Diego,California,92037
112,DL-13315,Delfina Latchford,New York City,New York,10024
113,DR-12880,Dan Reichenbach,Chicago,Illinois,60623
114,CC-12670,Craig Carreira,New York City,New York,10009
115,Dl-13600,Dorris liebe,Pasadena,Texas,77506
116,SB-20290,Sean Braxton,Houston,Texas,77036
117,RC-19825,Roy Collins,Chicago,Illinois,60610
118,AH-10210,Alan Hwang,Brentwood,California,94513
119,CB-12535,Claudia Bergmann,Chapel Hill,North Carolina,27514
120,CA-12310,Christine Abelman,Cincinnati,Ohio,45231
121,KH-16690,Kristen Hastings,San Francisco,California,94110
122,BB-10990,Barry Blumstein,Inglewood,California,90301
123,AG-10495,Andrew Gjertsen,Philadelphia,Pennsylvania,19140
124,JO-15280,Jas O'Carroll,Los Angeles,California,90004
125,AH-10195,Alan Haines,Tamarac,Florida,33319
126,NZ-18565,Nick Zandusky,Columbus,Ohio,43229
127,KL-16555,Kelly Lampkin,Colorado Springs,Colorado,80906
128,AS-10225,Alan Schoenberger,New York City,New York,10024
129,CR-12625,Corey Roper,Lakewood,New Jersey,8701
130,SH-20395,Shahid Hopkins,Arlington,Virginia,22204
131,BP-11185,Ben Peterman,Arvada,Colorado,80004
132,TS-21205,Thomas Seio,Hackensack,New Jersey,7601
133,AG-10525,Andy Gerbode,Saint Petersburg,Florida,33710
134,SP-20860,Sung Pak,Philadelphia,Pennsylvania,19143
135,NM-18445,Nathan Mautz,New York City,New York,10024
136,FA-14230,Frank Atkinson,Long Beach,California,90805
137,GK-14620,Grace Kelly,Hesperia,California,92345
138,DJ-13510,Don Jones,Murfreesboro,Tennessee,37130
139,PO-18850,Patrick O'Brill,Philadelphia,Pennsylvania,19143
140,JL-15850,John Lucas,Philadelphia,Pennsylvania,19134
141,DB-13615,Doug Bickford,Los Angeles,California,90045
142,AC-10420,Alyssa Crouse,San Francisco,California,94122
143,CC-12550,Clay Cheatham,San Francisco,California,94122
144,TD-20995,Tamara Dahlen,Lowell,Massachusetts,1852
145,AB-10060,Adam Bellavance,New York City,New York,10009
146,JL-15505,Jeremy Lonsdale,New York City,New York,10035
147,VB-21745,Victoria Brennan,Columbus,Georgia,31907
148,KW-16435,Katrina Willman,New York City,New York,10009
149,JD-16060,Julia Dunbar,San Francisco,California,94109
150,MK-17905,Michael Kennedy,Manchester,Connecticut,6040
151,GT-14755,Guy Thornton,Harlingen,Texas,78550
152,AG-10900,Arthur Gainer,Tucson,Arizona,85705
153,MM-18280,Muhammed MacIntyre,Quincy,Illinois,62301
154,AR-10405,Allen Rosenblatt,Franklin,Massachusetts,2038
155,RA-19915,Russell Applegate,Houston,Texas,77095
156,AS-10285,Alejandro Savely,San Francisco,California,94109
157,LA-16780,Laura Armstrong,Taylor,Michigan,48180
158,DO-13435,Denny Ordway,Pembroke Pines,Florida,33024
159,DK-13225,Dean Katz,Philadelphia,Pennsylvania,19140
160,NG-18430,Nathan Gelder,Cincinnati,Ohio,45231
161,MV-18190,Mike Vittorini,New York City,New York,10009
162,JG-15115,Jack Garza,Des Moines,Washington,98198
163,BP-11095,Bart Pistole,Peoria,Illinois,61604
164,VP-21730,Victor Preis,Las Vegas,Nevada,89115
165,SS-20140,Saphhira Shifley,Warwick,Rhode Island,2886
166,AG-10675,Anna Gayman,Houston,Texas,77036
167,LF-17185,Luke Foster,Miami,Florida,33180
168,RF-19840,Roy FranzÃ¶sisch,New York City,New York,10024
169,KH-16510,Keith Herrera,San Francisco,California,94110
170,KC-16675,Kimberly Carter,Seattle,Washington,98105
171,CJ-12010,Caroline Jumper,Huntington Beach,California,92646
172,PB-19150,Philip Brown,Los Angeles,California,90004
173,MP-17965,Michael Paige,Lawrence,Massachusetts,1841
174,NF-18385,Natalie Fritzler,Jackson,Mississippi,39212
175,SD-20485,Shirley Daniels,New Rochelle,New York,10801
176,KH-16630,Ken Heidel,San Antonio,Texas,78207
177,RB-19795,Ross Baird,Gastonia,North Carolina,28052
178,MK-18160,Mike Kennedy,Jacksonville,Florida,32216
179,PO-19180,Philisse Overcash,Chicago,Illinois,60623
180,BB-11545,Brenda Bowman,Houston,Texas,77070
181,TB-21595,Troy Blackwell,Columbus,Indiana,47201
182,RB-19360,Raymond Buch,Auburn,New York,13021
183,EB-13705,Ed Braxton,Akron,Ohio,44312
184,SC-20095,Sanjit Chand,Concord,California,94521
185,TN-21040,Tanja Norvell,Phoenix,Arizona,85023
186,JS-15940,Joni Sundaresam,Park Ridge,Illinois,60068
187,MH-17785,Maya Herman,Lindenhurst,New York,11757
188,JP-15520,Jeremy Pistek,San Francisco,California,94110
189,JE-15475,Jeremy Ellison,Troy,New York,12180
190,JG-15805,John Grady,New York City,New York,10024
191,XP-21865,Xylona Preis,San Diego,California,92024
192,EM-14065,Erin Mull,New York City,New York,10024
193,MT-18070,Michelle Tran,Los Angeles,California,90045
194,SA-20830,Sue Ann Reed,Chicago,Illinois,60610
195,CW-11905,Carl Weiss,Huntsville,Texas,77340
196,AJ-10960,Astrea Jones,Rochester,New York,14609
197,SS-20590,Sonia Sunley,Seattle,Washington,98115
198,RO-19780,Rose O'Brian,Memphis,Tennessee,38109
199,MD-17350,Maribeth Dona,Fayetteville,Arkansas,72701
200,MY-17380,Maribeth Yedwab,Parker,Colorado,80134
201,CM-12385,Christopher Martinez,Atlanta,Georgia,30318
202,LS-17245,Lynn Smith,Gladstone,Missouri,64118
203,BN-11515,Bradley Nguyen,Los Angeles,California,90049
204,DB-13210,Dean Braden,Houston,Texas,77041
205,MC-17605,Matt Connell,Detroit,Michigan,48234
206,BD-11605,Brian Dahlen,Lawrence,Massachusetts,1841
207,PH-18790,Patricia Hirasaki,Lakeland,Florida,33801
208,MG-18145,Mike Gockenbach,Philadelphia,Pennsylvania,19134
209,KB-16240,Karen Bern,Los Angeles,California,90036
210,JC-15340,Jasper Cacioppo,Los Angeles,California,90032
211,RL-19615,Rob Lucas,Montgomery,Alabama,36116
212,AA-00012,Allen Armold,Mesa,Arizona,85204
213,EP-13915,Emily Phan,Chicago,Illinois,60653
214,DK-12985,Darren Koutras,Henderson,Kentucky,42420
215,BD-11500,Bradley Drucker,Green Bay,Wisconsin,54302
216,LM-17065,Liz MacKendrick,Springfield,Ohio,45503
217,AS-10135,Adrian Shami,New York City,New York,10035
218,BD-11320,Bill Donatelli,San Francisco,California,94110
219,GT-14710,Greg Tran,Houston,Texas,77070
220,AJ-10945,Ashley Jarboe,Wilmington,North Carolina,28403
221,OT-18730,Olvera Toch,Los Angeles,California,90045
222,LP-17080,Liz Pelletier,San Francisco,California,94110
223,CA-12775,Cynthia Arntzen,Tampa,Florida,33614
224,JF-15490,Jeremy Farry,Seattle,Washington,98105
225,FP-14320,Frank Preis,Los Angeles,California,90008
226,EB-13840,Ellis Ballard,Seattle,Washington,98105
227,JF-15415,Jennifer Ferguson,New York City,New York,10024
228,SF-20200,Sarah Foster,Marysville,Washington,98270
229,TG-21640,Trudy Glocke,Long Beach,California,90805
230,CS-11950,Carlos Soltero,Chicago,Illinois,60610
231,CC-12145,Charles Crestani,Los Angeles,California,90004
232,DV-13465,Dianna Vittorini,Denver,Colorado,80219
233,BD-11725,Bruce Degenhardt,Richmond,Kentucky,40475
234,ZC-21910,Zuschuss Carroll,Salem,Oregon,97301
235,MS-17830,Melanie Seite,Laredo,Texas,78041
236,LR-16915,Lena Radford,San Diego,California,92024
237,TP-21130,Theone Pippenger,Philadelphia,Pennsylvania,19134
238,CK-12205,Chloris Kastensmidt,Philadelphia,Pennsylvania,19120
239,AS-10240,Alan Shonely,Tampa,Florida,33614
240,AR-10510,Andrew Roberts,Philadelphia,Pennsylvania,19134
241,NB-18655,Nona Balk,Dallas,Texas,75217
242,GD-14590,Giulietta Dortch,Philadelphia,Pennsylvania,19143
243,CK-12595,Clytie Kelty,Grove City,Ohio,43123
244,NG-18355,Nat Gilpin,New York City,New York,10011
245,CA-12265,Christina Anderson,Chicago,Illinois,60610
246,SF-20965,Sylvia Foulston,Dearborn,Michigan,48126
247,MO-17800,Meg O'Connel,New York City,New York,10009
248,AT-10735,Annie Thurman,Seattle,Washington,98115
249,FM-14380,Fred McMath,Aurora,Colorado,80013
250,DJ-13420,Denny Joy,Warner Robins,Georgia,31088
251,ME-17725,Max Engle,Aurora,Colorado,80013
252,JD-16150,Justin Deggeller,Minneapolis,Minnesota,55407
253,JL-15835,John Lee,Mission Viejo,California,92691
254,SC-20305,Sean Christensen,Rochester Hills,Michigan,48307
255,CC-12430,Chuck Clark,Columbus,Indiana,47201
256,AR-10825,Anthony Rawles,Vancouver,Washington,98661
257,SR-20740,Steven Roelle,New York City,New York,10024
258,CR-12730,Craig Reiter,Columbus,Ohio,43229
259,EH-14125,Eugene Hildebrand,Aurora,Illinois,60505
260,SP-20545,Sibella Parks,New York City,New York,10011
261,TH-21235,Tiffany House,Dallas,Texas,75081
262,RP-19390,Resi PÃ¶lking,Cleveland,Ohio,44105
263,RB-19570,Rob Beeghly,Columbus,Indiana,47201
264,CD-11980,Carol Darley,Tyler,Texas,75701
265,DJ-13630,Doug Jacobs,New York City,New York,10024
266,GT-14635,Grant Thornton,Burlington,North Carolina,27217
267,MC-17845,Michael Chen,Jackson,Mississippi,39212
268,RA-19285,Ralph Arnett,New York City,New York,10035
269,NP-18325,Naresj Patel,Waynesboro,Virginia,22980
270,AB-10165,Alan Barnes,Los Angeles,California,90036
271,JO-15550,Jesus Ocampo,Chester,Pennsylvania,19013
272,JK-15370,Jay Kimmel,Long Beach,California,90805
273,BN-11470,Brad Norvell,Cary,North Carolina,27511
274,DP-13165,David Philippe,New York City,New York,10035
275,TH-21550,Tracy Hopkins,New York City,New York,10035
276,AP-10915,Arthur Prichep,Palm Coast,Florida,32137
277,RS-19765,Roland Schwarz,Mount Vernon,New York,10550
278,SV-20365,Seth Vernon,Dover,Delaware,19901
279,CK-12325,Christine Kargatis,Orem,Utah,84057
280,RD-19810,Ross DeVincentis,Los Angeles,California,90045
281,MR-17545,Mathew Reese,Philadelphia,Pennsylvania,19140
282,SC-20695,Steve Chapman,Hialeah,Florida,33012
283,JF-15355,Jay Fein,Austin,Texas,78745
284,EG-13900,Emily Grady,Oceanside,New York,11572
285,DS-13030,Darrin Sayre,Seattle,Washington,98115
286,PO-19195,Phillina Ober,Naperville,Illinois,60540
287,SS-20875,Sung Shariari,Dallas,Texas,75220
288,PB-19105,Peter BÃ¼hler,Evanston,Illinois,60201
289,RF-19735,Roland Fjeld,Trenton,Michigan,48183
290,YC-21895,Yoseph Carroll,San Francisco,California,94110
291,DC-13285,Debra Catini,Cottage Grove,Minnesota,55016
292,CP-12340,Christine Phan,New York City,New York,10009
293,BF-11020,Barry FranzÃ¶sisch,Green Bay,Wisconsin,54302
294,LH-17020,Lisa Hazard,Columbus,Ohio,43229
295,CS-12250,Chris Selesnick,Bossier City,Louisiana,71111
296,AJ-10795,Anthony Johnson,Saint Petersburg,Florida,33710
297,BV-11245,Benjamin Venier,Des Moines,Iowa,50315
298,DL-12865,Dan Lawera,Cincinnati,Ohio,45231
299,BM-11785,Bryan Mills,Columbus,Ohio,43229
300,LT-17110,Liz Thompson,Lancaster,California,93534
301,JK-15730,Joe Kamberova,Asheville,North Carolina,28806
302,ES-14020,Erica Smith,San Francisco,California,94110
303,RH-19495,Rick Hansen,Rochester,Minnesota,55901
304,CD-11920,Carlos Daly,Lake Elsinore,California,92530
305,HW-14935,Helen Wasserman,San Diego,California,92105
306,MC-18130,Mike Caudle,Monroe,Louisiana,71203
307,GM-14440,Gary McGarr,San Francisco,California,94122
308,AA-10375,Allen Armold,Omaha,Nebraska,68104
309,PJ-19015,Pauline Johnson,Santa Ana,California,92704
310,BW-11110,Bart Watters,Milwaukee,Wisconsin,53209
311,TR-21325,Toby Ritter,Belleville,New Jersey,7109
312,PG-18820,Patrick Gardner,San Francisco,California,94110
313,JL-15175,James Lanier,Columbia,Tennessee,38401
314,BM-11650,Brian Moss,New York City,New York,10035
315,EM-14095,Eudokia Martin,Los Angeles,California,90036
316,AF-10885,Art Foster,Louisville,Kentucky,40214
317,GA-14725,Guy Armstrong,Lorain,Ohio,44052
318,CK-12760,Cyma Kinney,Linden,New Jersey,7036
319,DP-13105,Dave Poirier,Salinas,California,93905
320,BK-11260,Berenike Kampe,New York City,New York,10035
321,SJ-20125,Sanjit Jacobs,New Brunswick,New Jersey,8901
322,CM-12445,Chuck Magee,San Francisco,California,94122
323,AJ-10780,Anthony Jacobs,Springfield,Virginia,22153
324,LS-16945,Linda Southworth,Philadelphia,Pennsylvania,19140
325,GP-14740,Guy Phonely,Lancaster,Pennsylvania,17602
326,PK-18910,Paul Knutson,Philadelphia,Pennsylvania,19143
327,SM-20005,Sally Matthias,New York City,New York,10009
328,AG-10765,Anthony Garverick,Philadelphia,Pennsylvania,19120
329,PM-19135,Peter McVee,Detroit,Michigan,48227
330,LL-16840,Lauren Leatherbury,Rochester,New York,14609
331,JS-15595,Jill Stevenson,Los Angeles,California,90045
332,EL-13735,Ed Ludwig,Columbia,Maryland,21044
333,PC-18745,Pamela Coakley,San Francisco,California,94122
334,HL-15040,Hunter Lopez,Houston,Texas,77095
335,MS-17365,Maribeth Schnelling,Detroit,Michigan,48227
336,GB-14530,George Bell,Auburn,New York,13021
337,JR-16210,Justin Ritter,Springfield,Ohio,45503
338,BE-11335,Bill Eplett,Jackson,Michigan,49201
339,SC-20050,Sample Company A,Norwich,Connecticut,6360
340,RW-19630,Rob Williams,Dallas,Texas,75220
341,SE-20110,Sanjit Engle,New York City,New York,10009
342,AH-10075,Adam Hart,New York City,New York,10011
343,JM-15535,Jessica Myrick,Philadelphia,Pennsylvania,19143
344,JJ-15760,Joel Jenkins,Springfield,Virginia,22153
345,RK-19300,Ralph Kennedy,Philadelphia,Pennsylvania,19140
346,CG-12040,Catherine Glotzbach,Philadelphia,Pennsylvania,19120
347,RP-19270,Rachel Payne,Riverside,California,92503
348,KC-16255,Karen Carlisle,San Francisco,California,94110
349,KH-16360,Katherine Hughes,Philadelphia,Pennsylvania,19143
350,GH-14665,Greg Hansen,Round Rock,Texas,78664
351,SW-20275,Scott Williamson,Jackson,Mississippi,39212
352,JA-15970,Joseph Airdo,Phoenix,Arizona,85023
353,DL-12925,Daniel Lacy,Oceanside,California,92054
354,LW-16990,Lindsay Williams,San Francisco,California,94110
355,TB-21190,Thomas Brumley,Fayetteville,Arkansas,72701
356,BS-11800,Bryan Spruell,New York City,New York,10011
357,RW-19690,Robert Waldorf,Wilmington,North Carolina,28403
358,TZ-21580,Tracy Zic,Louisville,Colorado,80027
359,AS-10630,Ann Steele,Pasadena,Texas,77506
360,TS-21340,Toby Swindell,Houston,Texas,77041
361,SL-20155,Sara Luxemburg,Jacksonville,Florida,32216
362,MW-18235,Mitch Willingham,Virginia Beach,Virginia,23464
363,RD-16253,Rob Dowd,Henderson,Kentucky,42420
