ProductKey,Product,Categories,ProductName
1,FUR-BO-10001798,Furniture,Bush Somerset Collection Bookcase
2,OFF-LA-10000240,Office Supplies,Self-Adhesive Address Labels for Typewriters by Universal
3,FUR-TA-10000577,Furniture,Bretford CR4500 Series Slim Rectangular Table
4,FUR-FU-10001487,Furniture,"Eldon Expressions Wood and Plastic Desk Accessories, Cherry Wood"
5,OFF-PA-10002365,Office Supplies,Xerox 1967
6,OFF-BI-10003656,Office Supplies,Fellowes PB200 Plastic Comb Binding Machine
7,OFF-AP-10002311,Office Supplies,"Holmes Replacement Filter for HEPA Air Cleaner, Very Large Room, HEPA Filter"
8,OFF-ST-10004186,Office Supplies,"Stur-D-Stor Shelving, Vertical 5-Shelf: 72""H x 36""W x 18 1/2""D"
9,OFF-ST-10000107,Office Supplies,Fellowes Super Stor/Drawer
10,OFF-AR-10003056,Office Supplies,Newell 341
11,OFF-AR-10000246,Office Supplies,Newell 318
12,FUR-CH-10002774,Furniture,"Global Deluxe Stacking Chair, Gray"
13,OFF-BI-10001634,Office Supplies,Wilson Jones Active Use Binders
14,FUR-BO-10004834,Furniture,"Riverside Palais Royal Lawyers Bookcase, Royale Cherry Finish"
15,OFF-PA-10000249,Office Supplies,Easy-staple paper
16,TEC-PH-10004977,Technology,GE 30524EE4
17,OFF-EN-10002986,Office Supplies,#10-4 1/8" x 9 1/2" Premium Diagonal Seam Envelopes
18,TEC-PH-10004093,Technology,Panasonic Kx-TS550
19,OFF-ST-10003479,Office Supplies,"Eldon Base for stackable storage shelf, platinum"
20,OFF-ST-10003282,Office Supplies,"Advantus 10-Drawer Portable Organizer, Chrome Metal Frame, Smoke Drawers"
21,TEC-AC-10000171,Technology,"Verbatim 25 GB 6x Blu-ray Single Layer Recordable Disc, 25/Pack"
22,OFF-ST-10001713,Office Supplies,"Gould Plastics 9-Pocket Panel Bin, 18-3/8w x 5-1/4d x 20-1/2h, Black"
23,TEC-AC-10002167,Technology,Imation 8gb Micro Traveldrive Usb 2.0 Flash Drive
24,OFF-BI-10004410,Office Supplies,"C-Line Peel & Stick Add-On Filing Pockets, 8-3/4 x 5-1/8, 10/Pack"
25,OFF-FA-10000304,Office Supplies,Advantus Push Pins
26,OFF-ST-10000604,Office Supplies,Home/Office Personal File Carts
27,TEC-AC-10004633,Technology,"Verbatim 25 GB 6x Blu-ray Single Layer Recordable Disc, 3/Pack"
28,FUR-CH-10001146,Furniture,"Global Value Mid-Back Manager's Chair, Gray"
29,OFF-AR-10002671,Office Supplies,"Hunt BOSTON Model 1606 High-Volume Electric Pencil Sharpener, Beige"
30,OFF-PA-10000482,Office Supplies,"Snap-A-Way Black Print Carbonless Ruled Speed Letter, Triplicate"
31,OFF-BI-10004654,Office Supplies,Avery Binding System Hidden Tab Executive Style Index Sets
32,OFF-PA-10004675,Office Supplies,"Telephone Message Books with Fax/Mobile Section, 5 1/2"" x 3 3/16"""
33,FUR-CH-10000513,Furniture,High-Back Leather Manager's Chair
34,OFF-BI-10004182,Office Supplies,Economy Binders
35,FUR-FU-10003194,Furniture,"Eldon Expressions Desk Accessory, Wood Pencil Holder, Oak"
36,OFF-AP-10002118,Office Supplies,1.7 Cubic Foot Compact "Cube" Office Refrigerators
37,OFF-AR-10002053,Office Supplies,"Premium Writing Pencils, Soft, #2 by Central Association for the Blind"
38,OFF-EN-10000927,Office Supplies,Jet-Pak Recycled Peel 'N' Seal Padded Mailers
39,OFF-ST-10003656,Office Supplies,Safco Industrial Wire Shelving
40,FUR-CH-10000863,Furniture,Novimex Swivel Fabric Task Chair
41,TEC-AC-10001998,Technology,Logitech LS21 Speaker System - PC Multimedia - 2.1-CH - Wired
42,OFF-ST-10003442,Office Supplies,Eldon Portable Mobile Manager
43,OFF-AR-10004930,Office Supplies,Turquoise Lead Holder with Pocket Clip
44,OFF-PA-10003177,Office Supplies,Xerox 1999
45,OFF-BI-10004738,Office Supplies,Flexible Leather- Look Classic Collection Ring Binder
46,FUR-FU-10000629,Furniture,9-3/4 Diameter Round Wall Clock
47,OFF-BI-10001721,Office Supplies,Trimflex Flexible Post Binders
48,OFF-AP-10000358,Office Supplies,Fellowes Basic Home/Office Series Surge Protectors
49,OFF-PA-10003256,Office Supplies,Avery Personal Creations Heavyweight Cards
50,OFF-PA-10004040,Office Supplies,Universal Premium White Copier/Laser Paper (20Lb. and 87 Bright)
51,TEC-AC-10001552,Technology,Logitech K350 2.4Ghz Wireless Keyboard
52,TEC-AC-10003499,Technology,Memorex Mini Travel Drive 8 GB USB 2.0 Flash Drive
53,TEC-AC-10000844,Technology,Logitech Gaming G510s - Keyboard
54,FUR-FU-10001934,Furniture,Magnifier Swing Arm Lamp
55,OFF-AR-10000380,Office Supplies,"Hunt PowerHouse Electric Pencil Sharpener, Blue"
56,OFF-FA-10000621,Office Supplies,"OIC Colored Binder Clips, Assorted Sizes"
57,FUR-TA-10001768,Furniture,Hon Racetrack Conference Tables
58,OFF-BI-10003650,Office Supplies,GBC DocuBind 300 Electric Binding Machine
59,FUR-FU-10002157,Furniture,Artistic Insta-Plaque
60,FUR-CH-10004063,Furniture,Global Deluxe High-Back Manager's Chair
61,FUR-TA-10004534,Furniture,Bevis 44 x 96 Conference Tables
62,OFF-BI-10003274,Office Supplies,"Avery Durable Slant Ring Binders, No Labels"
63,TEC-PH-10002293,Technology,Anker 36W 4-Port USB Wall Charger Travel Power Adapter for iPhone 5s 5c 5
64,OFF-PA-10001804,Office Supplies,Xerox 195
65,FUR-FU-10004848,Furniture,Howard Miller 13-3/4" Diameter Brushed Chrome Round Wall Clock
66,OFF-AR-10000940,Office Supplies,Newell 343
67,OFF-AP-10001058,Office Supplies,Sanyo 2.5 Cubic Foot Mid-Size Office Refrigerators
68,FUR-FU-10000521,Furniture,Seth Thomas 14" Putty-Colored Wall Clock
69,TEC-PH-10000215,Technology,Plantronics Cordless Phone Headset with In-line Volume - M214C
70,OFF-AP-10000326,Office Supplies,Belkin 7 Outlet SurgeMaster Surge Protector with Phone Protection
71,OFF-PA-10001950,Office Supplies,Southworth 25% Cotton Antique Laid Paper & Envelopes
72,OFF-AR-10001547,Office Supplies,Newell 311
73,OFF-LA-10002475,Office Supplies,Avery 519
74,OFF-PA-10002751,Office Supplies,Xerox 1920
75,TEC-AC-10003657,Technology,Lenovo 17-Key USB Numeric Keypad
76,OFF-EN-10001990,Office Supplies,Staple envelope
77,OFF-BI-10004002,Office Supplies,Wilson Jones International Size A4 Ring Binders
78,OFF-AR-10004441,Office Supplies,BIC Brite Liner Highlighters
79,OFF-PA-10000659,Office Supplies,"Adams Phone Message Book, Professional, 400 Message Capacity, 5 3/6” x 11”"
80,OFF-AP-10000891,Office Supplies,Kensington 7 Outlet MasterPiece HOMEOFFICE Power Control Center
81,OFF-AP-10002684,Office Supplies,"Acco 7-Outlet Masterpiece Power Center, Wihtout Fax/Phone Line Protection"
82,FUR-CH-10004698,Furniture,"Padded Folding Chairs, Black, 4/Carton"
83,OFF-AR-10001940,Office Supplies,"Sanford Colorific Eraseable Coloring Pencils, 12 Count"
84,OFF-ST-10003455,Office Supplies,"Tenex File Box, Personal Filing Tote with Lid, Black"
85,TEC-PH-10003273,Technology,AT&T TR1909W
86,OFF-BI-10001890,Office Supplies,Avery Poly Binder Pockets
87,TEC-AC-10002323,Technology,SanDisk Ultra 32 GB MicroSDHC Class 10 Memory Card
88,OFF-ST-10001328,Office Supplies,"Personal Filing Tote with Lid, Black/Gray"
89,FUR-BO-10002613,Furniture,"Atlantic Metals Mobile 4-Shelf Bookcases, Custom Colors"
90,OFF-EN-10001509,Office Supplies,Poly String Tie Envelopes
91,OFF-AR-10004685,Office Supplies,"Binney & Smith Crayola Metallic Colored Pencils, 8-Color Set"
92,OFF-ST-10001414,Office Supplies,Decoflex Hanging Personal Folder File
93,OFF-BI-10000343,Office Supplies,"Pressboard Covers with Storage Hooks, 9 1/2"" x 11"", Light Blue"
94,OFF-PA-10002666,Office Supplies,Southworth 25% Cotton Linen-Finish Paper & Envelopes
95,FUR-TA-10004289,Furniture,BoxOffice By Design Rectangular and Half-Moon Meeting Room Tables
96,OFF-AP-10003217,Office Supplies,Eureka Sanitaire  Commercial Upright
97,FUR-FU-10002960,Furniture,"Eldon 200 Class Desk Accessories, Burgundy"
98,TEC-PH-10001918,Technology,Nortel Business Series Terminal T7208 Digital phone
99,OFF-ST-10000642,Office Supplies,"Tennsco Lockers, Gray"
100,TEC-AC-10001266,Technology,Memorex Micro Travel Drive 8 GB
101,OFF-LA-10004544,Office Supplies,Avery 505
102,OFF-FA-10000585,Office Supplies,OIC Bulk Pack Metal Binder Clips
103,OFF-AR-10001026,Office Supplies,"Sanford Uni-Blazer View Highlighters, Chisel Tip, Yellow"
104,FUR-CH-10004860,Furniture,Global Low Back Tilter Chair
105,OFF-BI-10001679,Office Supplies,GBC Instant Index System for Binding Systems
106,FUR-TA-10001705,Furniture,Bush Advantage Collection Round Conference Table
107,OFF-PA-10002479,Office Supplies,Xerox 4200 Series MultiUse Premium Copy Paper (20Lb. and 84 Bright)
108,OFF-PA-10003349,Office Supplies,Xerox 1957
109,FUR-CH-10002965,Furniture,"Global Leather Highback Executive Chair with Pneumatic Height Adjustment, Black"
110,OFF-PA-10004569,Office Supplies,"Wirebound Message Books, Two 4 1/4"" x 5"" Forms per Page"
111,OFF-ST-10001228,Office Supplies,"Fellowes Personal Hanging Folder Files, Navy"
112,FUR-FU-10002505,Furniture,Eldon 100 Class Desk Accessories
113,TEC-AC-10000290,Technology,Sabrent 4-Port USB 2.0 Hub
114,OFF-AP-10002203,Office Supplies,Eureka Disposable Bags for Sanitaire Vibra Groomer I Upright Vac
115,TEC-MA-10000822,Technology,Lexmark MX611dhe Monochrome Laser Printer
116,TEC-PH-10001433,Technology,Cisco Small Business SPA 502G VoIP phone
117,TEC-AC-10004469,Technology,Microsoft Sculpt Comfort Mouse
118,OFF-AR-10003602,Office Supplies,"Quartet Omega Colored Chalk, 12/Pack"
119,OFF-FA-10003472,Office Supplies,Bagged Rubber Bands
120,OFF-ST-10004180,Office Supplies,Safco Commercial Shelving
121,OFF-ST-10003208,Office Supplies,Adjustable Depth Letter/Legal Cart
122,TEC-AC-10003628,Technology,Logitech 910-002974 M325 Wireless Mouse for Web Scrolling
123,OFF-PA-10002615,Office Supplies,"Ampad Gold Fibre Wirebound Steno Books, 6"" x 9"", Gregg Ruled"
124,OFF-PA-10000673,Office Supplies,"Post-it “Important Message” Note Pad, Neon Colors, 50 Sheets/Pad"
125,OFF-BI-10004967,Office Supplies,Round Ring Binders
126,FUR-TA-10002903,Furniture,Bevis Round Bullnose 29" High Table Top
127,OFF-PA-10000474,Office Supplies,Easy-staple paper
128,OFF-BI-10000778,Office Supplies,GBC VeloBinder Electric Binding Machine
129,OFF-FA-10002983,Office Supplies,Advantus SlideClip Paper Clips
130,FUR-FU-10004091,Furniture,Howard Miller 13" Diameter Goldtone Round Wall Clock
131,OFF-PA-10002105,Office Supplies,Xerox 223
132,FUR-TA-10002533,Furniture,BPI Conference Tables
133,FUR-FU-10002671,Furniture,Electrix 20W Halogen Replacement Bulb for Zoom-In Desk Lamp
134,OFF-AR-10003651,Office Supplies,Newell 350
135,OFF-BI-10001072,Office Supplies,"GBC Clear Cover, 8-1/2 x 11, unpunched, 25 covers per pack"
136,OFF-AR-10002804,Office Supplies,Faber Castell Col-Erase Pencils
137,FUR-FU-10001918,Furniture,C-Line Cubicle Keepers Polyproplyene Holder With Velcro Backings
138,FUR-FU-10001588,Furniture,"Deflect-o SuperTray Unbreakable Stackable Tray, Letter, Black"
139,TEC-PH-10002398,Technology,AT&T 1070 Corded Phone
140,OFF-AR-10003373,Office Supplies,"Boston School Pro Electric Pencil Sharpener, 1670"
141,FUR-CH-10002602,Furniture,DMI Arturo Collection Mission-style Design Wood Chair
142,OFF-FA-10000624,Office Supplies,OIC Binder Clips
143,OFF-BI-10004593,Office Supplies,Ibico Laser Imprintable Binding System Covers
144,FUR-FU-10001967,Furniture,Telescoping Adjustable Floor Lamp
145,TEC-PH-10003645,Technology,Aastra 57i VoIP phone
146,TEC-PH-10004614,Technology,AT&T 841000 Phone
147,OFF-BI-10001922,Office Supplies,Storex Dura Pro Binders
148,OFF-BI-10003314,Office Supplies,Tuff Stuff Recycled Round Ring Binders
149,OFF-FA-10000490,Office Supplies,"OIC Binder Clips, Mini, 1/4"" Capacity, Black"
150,OFF-AR-10000122,Office Supplies,Newell 314
151,OFF-AR-10004027,Office Supplies,"Binney & Smith inkTank Erasable Desk Highlighter, Chisel Tip, Yellow, 12/Box"
152,FUR-BO-10002268,Furniture,Sauder Barrister Bookcases
153,OFF-AP-10001124,Office Supplies,Belkin 8 Outlet SurgeMaster II Gold Surge Protector with Phone Protection
154,OFF-LA-10001158,Office Supplies,"Avery Address/Shipping Labels for Typewriters, 4"" x 2"""
155,OFF-BI-10002412,Office Supplies,Wilson Jones “Snap” Scratch Pad Binder Tool for Ring Binders
156,OFF-PA-10002036,Office Supplies,Xerox 1930
157,OFF-BI-10001982,Office Supplies,Wilson Jones Custom Binder Spines & Labels
158,OFF-PA-10003039,Office Supplies,Xerox 1960
159,FUR-TA-10004915,Furniture,"Office Impressions End Table, 20-1/2""H x 24""W x 20""D"
160,OFF-AP-10000696,Office Supplies,Holmes Odor Grabber
161,OFF-PA-10004734,Office Supplies,Southworth Structures Collection
162,TEC-AC-10004708,Technology,Sony 32GB Class 10 Micro SDHC R40 Memory Card
163,FUR-TA-10000617,Furniture,"Hon Practical Foundations 30 x 60 Training Table, Light Gray/Charcoal"
164,TEC-MA-10001681,Technology,Lexmark MarkNet N8150 Wireless Print Server
165,OFF-AR-10004757,Office Supplies,Crayola Colored Pencils
166,OFF-BI-10000050,Office Supplies,"Angle-D Binders with Locking Rings, Label Holders"
167,TEC-PH-10003012,Technology,Nortel Meridian M3904 Professional Digital phone
168,OFF-BI-10003982,Office Supplies,Wilson Jones Century Plastic Molded Ring Binders
169,OFF-BI-10004492,Office Supplies,Tuf-Vin Binders
170,OFF-ST-10000798,Office Supplies,2300 Heavy-Duty Transfer File Systems by Perma
171,OFF-SU-10002573,Office Supplies,Acme 10" Easy Grip Assistive Scissors
172,OFF-ST-10001580,Office Supplies,Super Decoflex Portable Personal File
173,OFF-PA-10001947,Office Supplies,Xerox 1974
174,OFF-AR-10003478,Office Supplies,"Avery Hi-Liter EverBold Pen Style Fluorescent Highlighters, 4/Pack"
175,OFF-AP-10004249,Office Supplies,Staple holder
176,TEC-AC-10000158,Technology,Sony 64GB Class 10 Micro SDHC R40 Memory Card
177,OFF-PA-10000157,Office Supplies,Xerox 191
178,OFF-AR-10004344,Office Supplies,Bulldog Vacuum Base Pencil Sharpener
179,FUR-CH-10004886,Furniture,Bevis Steel Folding Chairs
180,OFF-PA-10003845,Office Supplies,Xerox 1987
181,OFF-AR-10001573,Office Supplies,American Pencil
182,TEC-AC-10004114,Technology,KeyTronic 6101 Series - Keyboard - Black
183,FUR-FU-10004712,Furniture,"Westinghouse Mesh Shade Clip-On Gooseneck Lamp, Black"
184,FUR-CH-10000015,Furniture,Hon Multipurpose Stacking Arm Chairs
185,FUR-FU-10003347,Furniture,Coloredge Poster Frame
186,TEC-MA-10000029,Technology,"Epson WorkForce WF-2530 All-in-One Printer, Copier Scanner"
187,OFF-AR-10000369,Office Supplies,Design Ebony Sketching Pencil
188,OFF-BI-10004584,Office Supplies,GBC ProClick 150 Presentation Binding System
189,OFF-ST-10003306,Office Supplies,Letter Size Cart
190,OFF-BI-10000773,Office Supplies,Insertable Tab Post Binder Dividers
191,TEC-MA-10002937,Technology,"Canon Color ImageCLASS MF8580Cdw Wireless Laser All-In-One Printer, Copier, Scanner"
192,OFF-PA-10002230,Office Supplies,Xerox 1897
193,FUR-CH-10003396,Furniture,Global Deluxe Steno Chair
194,FUR-FU-10000246,Furniture,Aluminum Document Frame
195,FUR-FU-10000206,Furniture,"GE General Purpose, Extra Long Life, Showcase & Floodlight Incandescent Bulbs"
196,OFF-AR-10000588,Office Supplies,Newell 345
197,FUR-TA-10001539,Furniture,Chromcraft Rectangular Conference Tables
198,TEC-AC-10001772,Technology,Memorex Mini Travel Drive 16 GB USB 2.0 Flash Drive
199,FUR-CH-10000225,Furniture,"Global Geo Office Task Chair, Gray"
200,FUR-CH-10002331,Furniture,Hon 4700 Series Mobuis Mid-Back Task Chairs with Adjustable Arms
201,OFF-AP-10002472,Office Supplies,3M Office Air Cleaner
202,FUR-FU-10000023,Furniture,Eldon Wave Desk Accessories
203,FUR-FU-10002918,Furniture,Eldon ClusterMat Chair Mat with Cordless Antistatic Protection
204,FUR-BO-10002824,Furniture,Bush Mission Pointe Library
205,OFF-BI-10002194,Office Supplies,Cardinal Hold-It CD Pocket
206,OFF-PA-10004071,Office Supplies,"Eaton Premium Continuous-Feed Paper, 25% Cotton, Letter Size, White, 1000 Shts/Box"
207,OFF-ST-10002743,Office Supplies,SAFCO Boltless Steel Shelving
208,TEC-PH-10000149,Technology,Cisco SPA525G2 IP Phone - Wireless
209,OFF-AR-10003045,Office Supplies,Prang Colored Pencils
210,TEC-AC-10001445,Technology,Imation USB 2.0 Swivel Flash Drive USB flash drive - 4 GB - Pink
211,OFF-LA-10003923,Office Supplies,Alphabetical Labels for Top Tab Filing
212,TEC-PH-10001363,Technology,Apple iPhone 5S
213,TEC-PH-10000376,Technology,Square Credit Card Reader
214,OFF-ST-10001809,Office Supplies,Fellowes Officeware Wire Shelving
215,TEC-AC-10000991,Technology,Sony Micro Vault Click 8 GB USB 2.0 Flash Drive
216,FUR-TA-10001857,Furniture,Balt Solid Wood Rectangular Table
217,OFF-EN-10001434,Office Supplies,"Strathmore #10 Envelopes, Ultimate White"
218,OFF-BI-10002498,Office Supplies,Clear Mylar Reinforcing Strips
219,OFF-BI-10001670,Office Supplies,Vinyl Sectional Post Binders
220,OFF-AR-10001662,Office Supplies,Rogers Handheld Barrel Pencil Sharpener
221,FUR-FU-10001290,Furniture,Executive Impressions Supervisor Wall Clock
222,OFF-AR-10003811,Office Supplies,Newell 327
223,TEC-CO-10003236,Technology,Canon Image Class D660 Copier
224,TEC-PH-10003555,Technology,Motorola HK250 Universal Bluetooth Headset
225,OFF-FA-10002815,Office Supplies,Staples
226,FUR-CH-10003379,Furniture,Global Commerce Series High-Back Swivel/Tilt Chairs
227,OFF-ST-10004963,Office Supplies,Eldon Gobal File Keepers
228,FUR-CH-10000595,Furniture,Safco Contoured Stacking Chairs
229,FUR-FU-10000448,Furniture,Tenex Chairmats For Use With Carpeted Floors
230,TEC-PH-10000984,Technology,Panasonic KX-TG9471B
231,OFF-ST-10001325,Office Supplies,Sterilite Officeware Hinged File Box
232,OFF-BI-10002429,Office Supplies,"Premier Elliptical Ring Binder, Black"
233,OFF-BI-10004528,Office Supplies,Cardinal Poly Pocket Divider Pockets for Ring Binders
234,OFF-AP-10001271,Office Supplies,Eureka The Boss Cordless Rechargeable Stick Vac
235,TEC-AC-10001432,Technology,Enermax Aurora Lite Keyboard
236,TEC-PH-10002262,Technology,LG Electronics Tone+ HBS-730 Bluetooth Headset
237,TEC-AC-10001465,Technology,SanDisk Cruzer 64 GB USB Flash Drive
238,OFF-BI-10000404,Office Supplies,Avery Printable Repositionable Plastic Tabs
239,FUR-CH-10002024,Furniture,HON 5400 Series Task Chairs for Big and Tall
240,FUR-FU-10003039,Furniture,Howard Miller 11-1/2" Diameter Grantwood Wall Clock
241,OFF-FA-10004248,Office Supplies,Advantus T-Pin Paper Clips
242,OFF-ST-10001780,Office Supplies,Tennsco 16-Compartment Lockers with Coat Rack
243,OFF-AR-10003560,Office Supplies,Zebra Zazzle Fluorescent Highlighters
244,OFF-LA-10001297,Office Supplies,Avery 473
245,OFF-AP-10003914,Office Supplies,"Sanitaire Vibra Groomer IR Commercial Upright Vacuum, Replacement Belts"
246,OFF-FA-10003467,Office Supplies,"Alliance Big Bands Rubber Bands, 12/Pack"
247,TEC-PH-10002496,Technology,Cisco SPA301
248,OFF-PA-10004530,Office Supplies,Personal Creations Ink Jet Cards and Labels
249,OFF-AR-10003394,Office Supplies,Newell 332
250,OFF-ST-10002974,Office Supplies,"Trav-L-File Heavy-Duty Shuttle II, Black"
251,OFF-SU-10004498,Office Supplies,Martin-Yale Premier Letter Opener
252,FUR-CH-10003956,Furniture,Novimex High-Tech Fabric Mesh Task Chair
253,TEC-PH-10003800,Technology,i.Sound Portable Power - 8000 mAh
254,OFF-AR-10004078,Office Supplies,Newell 312
255,OFF-AP-10004708,Office Supplies,Fellowes Superior 10 Outlet Split Surge Protector
256,OFF-SU-10004115,Office Supplies,Acme Stainless Steel Office Snips
257,TEC-PH-10001425,Technology,Mophie Juice Pack Helium for iPhone
258,OFF-ST-10001490,Office Supplies,"Hot File 7-Pocket, Floor Stand"
259,OFF-BI-10000848,Office Supplies,Angle-D Ring Binders
260,OFF-PA-10001204,Office Supplies,Xerox 1972
261,TEC-PH-10000011,Technology,PureGear Roll-On Screen Protector
262,FUR-FU-10003849,Furniture,"DAX Metal Frame, Desktop, Stepped-Edge"
263,OFF-BI-10002103,Office Supplies,"Cardinal Slant-D Ring Binder, Heavy Gauge Vinyl"
264,FUR-CH-10004853,Furniture,"Global Manager's Adjustable Task Chair, Storm"
265,FUR-FU-10000221,Furniture,"Master Caster Door Stop, Brown"
266,OFF-AP-10001563,Office Supplies,Belkin Premiere Surge Master II 8-outlet surge protector
267,OFF-BI-10000605,Office Supplies,"Acco Pressboard Covers with Storage Hooks, 9 1/2"" x 11"", Executive Red"
268,OFF-ST-10001963,Office Supplies,Tennsco Regal Shelving Units
269,TEC-AC-10002857,Technology,"Verbatim 25 GB 6x Blu-ray Single Layer Recordable Disc, 1/Pack"
270,FUR-CH-10001482,Furniture,Office Star - Mesh Screen back chair with Vinyl seat
271,OFF-BI-10001989,Office Supplies,Premium Transparent Presentation Covers by GBC
272,FUR-FU-10000576,Furniture,Luxo Professional Fluorescent Magnifier Lamp with Clamp-Mount Base
273,FUR-FU-10000732,Furniture,Eldon 200 Class Desk Accessories
274,OFF-ST-10000585,Office Supplies,Economy Rollaway Files
275,TEC-AC-10003832,Technology,Imation 16GB Mini TravelDrive USB 2.0 Flash Drive
276,OFF-PA-10001934,Office Supplies,Xerox 1993
277,OFF-AP-10002457,Office Supplies,"Eureka The Boss Plus 12-Amp Hard Box Upright Vacuum, Red"
278,OFF-FA-10003112,Office Supplies,Staples
279,FUR-FU-10001935,Furniture,3M Hangers With Command Adhesive
280,OFF-PA-10003892,Office Supplies,Xerox 1943
281,OFF-AP-10002439,Office Supplies,Tripp Lite Isotel 8 Ultra 8 Outlet Metal Surge
282,FUR-CH-10001215,Furniture,Global Troy Executive Leather Low-Back Tilter
283,OFF-ST-10001522,Office Supplies,"Gould Plastics 18-Pocket Panel Bin, 34w x 5-1/4d x 20-1/2h"
284,OFF-SU-10004231,Office Supplies,Acme Tagit Stainless Steel Antibacterial Scissors
285,FUR-FU-10003096,Furniture,"Master Giant Foot Doorstop, Safety Yellow"
286,FUR-FU-10002759,Furniture,12-1/2 Diameter Round Wall Clock
287,OFF-AR-10001954,Office Supplies,Newell 331
288,OFF-AP-10004532,Office Supplies,Kensington 6 Outlet Guardian Standard Surge Protector
289,OFF-AP-10000804,Office Supplies,Hoover Portapower Portable Vacuum
290,OFF-BI-10003305,Office Supplies,Avery Hanging File Binders
291,TEC-MA-10004125,Technology,Cubify CubeX 3D Printer Triple Head Print
292,TEC-AC-10003911,Technology,NETGEAR AC1750 Dual Band Gigabit Smart WiFi Router
293,FUR-BO-10004015,Furniture,"Bush Andora Bookcase, Maple/Graphite Gray Finish"
294,FUR-FU-10004071,Furniture,Luxo Professional Magnifying Clamp-On Fluorescent Lamps
295,TEC-AC-10002253,Technology,Imation Bio 8GB USB Flash Drive Imation Corp
296,FUR-FU-10003394,Furniture,Tenex "The Solids" Textured Chair Mats
297,FUR-TA-10002774,Furniture,Laminate Occasional Tables
298,OFF-PA-10001800,Office Supplies,Xerox 220
299,OFF-EN-10001219,Office Supplies,#10- 4 1/8" x 9 1/2" Security-Tint Envelopes
300,OFF-AP-10001154,Office Supplies,Bionaire Personal Warm Mist Humidifier/Vaporizer
301,OFF-BI-10003355,Office Supplies,Cardinal Holdit Business Card Pockets
302,FUR-FU-10000010,Furniture,"DAX Value U-Channel Document Frames, Easel Back"
303,FUR-FU-10002253,Furniture,Howard Miller 13" Diameter Pewter Finish Round Wall Clock
304,OFF-BI-10001658,Office Supplies,GBC Standard Therm-A-Bind Covers
305,OFF-PA-10004092,Office Supplies,Tops Green Bar Computer Printout Paper
306,FUR-TA-10000198,Furniture,Chromcraft Bull-Nose Wood Oval Conference Tables & Bases
307,FUR-FU-10000222,Furniture,Seth Thomas 16" Steel Case Clock
308,OFF-SU-10004664,Office Supplies,Acme Softgrip Scissors
309,OFF-EN-10001141,Office Supplies,"Manila Recycled Extra-Heavyweight Clasp Envelopes, 6"" x 9"""
310,OFF-PA-10001954,Office Supplies,Xerox 1964
311,OFF-ST-10000736,Office Supplies,Carina Double Wide Media Storage Towers in Natural & Black
312,TEC-AC-10001383,Technology,Logitech Wireless Touch Keyboard K400
313,OFF-LA-10003223,Office Supplies,Avery 508
314,FUR-TA-10002607,Furniture,KI Conference Tables
315,TEC-PH-10000004,Technology,Belkin iPhone and iPad Lightning Cable
316,OFF-BI-10003638,Office Supplies,GBC Durable Plastic Covers
317,TEC-CO-10002095,Technology,Hewlett Packard 610 Color Digital Copier / Printer
318,FUR-TA-10001095,Furniture,Chromcraft Round Conference Tables
319,OFF-ST-10002444,Office Supplies,Recycled Eldon Regeneration Jumbo File
320,OFF-PA-10002377,Office Supplies,"Adams Telephone Message Book W/Dividers/Space For Phone Numbers, 5 1/4""X8 1/2"", 200/Messages"
321,OFF-PA-10003441,Office Supplies,Xerox 226
322,OFF-LA-10004484,Office Supplies,Avery 476
323,TEC-PH-10003931,Technology,JBL Micro Wireless Portable Bluetooth Speaker
324,FUR-FU-10004306,Furniture,Electrix Halogen Magnifier Lamp
325,FUR-CH-10003746,Furniture,Hon 4070 Series Pagoda Round Back Stacking Chairs
326,OFF-BI-10001036,Office Supplies,Cardinal EasyOpen D-Ring Binders
327,OFF-AR-10003405,Office Supplies,"Dixon My First Ticonderoga Pencil, #2"
328,FUR-CH-10002335,Furniture,Hon GuestStacker Chair
329,OFF-BI-10001098,Office Supplies,Acco D-Ring Binder w/DublLock
330,OFF-EN-10000056,Office Supplies,Cameo Buff Policy Envelopes
331,OFF-BI-10000014,Office Supplies,Heavy-Duty E-Z-D Binders
332,FUR-CH-10004675,Furniture,"Lifetime Advantage Folding Chairs, 4/Carton"
333,OFF-BI-10001543,Office Supplies,GBC VeloBinder Manual Binding System
334,TEC-PH-10001530,Technology,Cisco Unified IP Phone 7945G VoIP phone
335,OFF-LA-10001569,Office Supplies,Avery 499
336,OFF-BI-10000546,Office Supplies,Avery Durable Binders
337,OFF-PA-10000176,Office Supplies,Xerox 1887
338,FUR-CH-10002647,Furniture,"Situations Contoured Folding Chairs, 4/Set"
339,FUR-FU-10004090,Furniture,Executive Impressions 14" Contract Wall Clock
340,OFF-AP-10000576,Office Supplies,Belkin 7 Outlet SurgeMaster II
341,OFF-PA-10003953,Office Supplies,Xerox 218
342,FUR-FU-10000794,Furniture,"Eldon Stackable Tray, Side-Load, Legal, Smoke"
343,OFF-AR-10001897,Office Supplies,Model L Table or Wall-Mount Pencil Sharpener
344,OFF-AR-10003190,Office Supplies,Newell 32
345,OFF-PA-10000061,Office Supplies,Xerox 205
346,OFF-PA-10003651,Office Supplies,Xerox 1968
347,OFF-PA-10000304,Office Supplies,Xerox 1995
348,TEC-AC-10002402,Technology,Razer Kraken PRO Over Ear PC and Music Headset
349,TEC-AC-10003441,Technology,Kingston Digital DataTraveler 32GB USB 2.0
350,OFF-FA-10002280,Office Supplies,Advantus Plastic Paper Clips
351,FUR-CH-10000665,Furniture,"Global Airflow Leather Mesh Back Chair, Black"
352,OFF-AR-10002956,Office Supplies,Boston 16801 Nautilus Battery Pencil Sharpener
353,OFF-BI-10001071,Office Supplies,GBC ProClick Punch Binding System
354,OFF-PA-10001560,Office Supplies,"Adams Telephone Message Books, 5 1/4” x 11”"
355,TEC-PH-10002365,Technology,Belkin Grip Candy Sheer Case / Cover for iPhone 5 and 5S
356,OFF-AR-10004648,Office Supplies,Boston 19500 Mighty Mite Electric Pencil Sharpener
357,OFF-BI-10001294,Office Supplies,Fellowes Binding Cases
358,TEC-PH-10001552,Technology,I Need's 3d Hello Kitty Hybrid Silicone Case Cover for HTC One X 4g with 3d Hello Kitty Stylus Pen Green/pink
359,FUR-FU-10003878,Furniture,"Linden 10"" Round Wall Clock, Black"
360,TEC-AC-10000710,Technology,Maxell DVD-RAM Discs
361,OFF-AR-10002335,Office Supplies,DIXON Oriole Pencils
362,OFF-PA-10001019,Office Supplies,Xerox 1884
363,OFF-SU-10001225,Office Supplies,Staple remover
364,TEC-AC-10001714,Technology,Logitech MX Performance Wireless Mouse
365,OFF-LA-10004272,Office Supplies,Avery 482
366,OFF-LA-10004853,Office Supplies,Avery 483
367,OFF-BI-10003719,Office Supplies,Large Capacity Hanging Post Binders
368,OFF-BI-10000545,Office Supplies,GBC Ibimaster 500 Manual ProClick Binding System
369,OFF-PA-10003591,Office Supplies,Southworth 100% Cotton The Best Paper
370,OFF-PA-10004470,Office Supplies,"Adams Write n' Stick Phone Message Book, 11"" X 5 1/4"", 200 Messages"
371,OFF-PA-10001790,Office Supplies,Xerox 1910
372,FUR-FU-10004017,Furniture,"Tenex Contemporary Contur Chairmats for Low and Medium Pile Carpet, Computer, 39"" x 49"""
373,OFF-BI-10003712,Office Supplies,"Acco Pressboard Covers with Storage Hooks, 14 7/8"" x 11"", Light Blue"
374,OFF-BI-10003984,Office Supplies,Lock-Up Easel 'Spel-Binder'
375,OFF-ST-10001321,Office Supplies,"Decoflex Hanging Personal Folder File, Blue"
376,OFF-AR-10001118,Office Supplies,"Binney & Smith Crayola Metallic Crayons, 16-Color Pack"
377,FUR-FU-10001424,Furniture,Dax Clear Box Frame
378,OFF-BI-10002071,Office Supplies,Fellowes Black Plastic Comb Bindings
379,OFF-ST-10002486,Office Supplies,Eldon Shelf Savers Cubes and Bins
380,OFF-BI-10001078,Office Supplies,"Acco PRESSTEX Data Binder with Storage Hooks, Dark Blue, 14 7/8"" X 11"""
381,TEC-AC-10000927,Technology,Anker Ultrathin Bluetooth Wireless Keyboard Aluminum Cover with Stand
382,OFF-PA-10001622,Office Supplies,"Ampad Poly Cover Wirebound Steno Book, 6"" x 9"" Assorted Colors, Gregg Ruled"
383,OFF-ST-10002205,Office Supplies,File Shuttle I and Handi-File
384,OFF-EN-10001099,Office Supplies,Staple envelope
385,OFF-PA-10002250,Office Supplies,Things To Do Today Pad
386,OFF-BI-10004716,Office Supplies,Wilson Jones Hanging Recycled Pressboard Data Binders
387,OFF-LA-10001045,Office Supplies,Permanent Self-Adhesive File Folder Labels for Typewriters by Universal
388,TEC-PH-10004536,Technology,Avaya 5420 Digital phone
389,OFF-PA-10002947,Office Supplies,Xerox 1923
390,FUR-BO-10003441,Furniture,"Bush Westfield Collection Bookcases, Fully Assembled"
391,TEC-PH-10001494,Technology,Polycom CX600 IP Phone VoIP phone
392,FUR-TA-10001520,Furniture,"Lesro Sheffield Collection Coffee Table, End Table, Center Table, Corner Table"
393,TEC-AC-10002473,Technology,Maxell 4.7GB DVD-R
394,OFF-PA-10003543,Office Supplies,Xerox 1985
395,OFF-AR-10000658,Office Supplies,Newell 324
396,OFF-PA-10002195,Office Supplies,"RSVP Cards & Envelopes, Blank White, 8-1/2"" X 11"", 24 Cards/25 Envelopes/Set"
397,OFF-PA-10001745,Office Supplies,"Wirebound Message Books, 2 7/8"" x 5"", 3 Forms per Page"
398,OFF-PA-10000289,Office Supplies,Xerox 213
399,OFF-PA-10000350,Office Supplies,"Message Book, Standard Line ""While You Were Out"", 5 1/2"" X 4"", 200 Sets/Book"
400,OFF-BI-10001759,Office Supplies,"Acco Pressboard Covers with Storage Hooks, 14 7/8"" x 11"", Dark Blue"
401,OFF-PA-10004101,Office Supplies,Xerox 1894
402,FUR-TA-10002356,Furniture,Bevis Boat-Shaped Conference Table
403,FUR-FU-10003601,Furniture,"Deflect-o RollaMat Studded, Beveled Mat for Medium Pile Carpeting"
404,FUR-FU-10001940,Furniture,Staple-based wall hangings
405,OFF-AR-10001958,Office Supplies,Stanley Bostitch Contemporary Electric Pencil Sharpeners
406,TEC-PH-10002923,Technology,"Logitech B530 USB Headset - headset - Full size, Binaural"
407,FUR-FU-10004188,Furniture,Luxo Professional Combination Clamp-On Lamps
408,OFF-BI-10000145,Office Supplies,Zipper Ring Binder Pockets
409,OFF-EN-10001335,Office Supplies,"White Business Envelopes with Contemporary Seam, Recycled White Business Envelopes"
410,OFF-LA-10001613,Office Supplies,Avery File Folder Labels
411,OFF-LA-10004055,Office Supplies,Color-Coded Legal Exhibit Labels
412,FUR-FU-10001095,Furniture,DAX Black Cherry Wood-Tone Poster Frame
413,OFF-BI-10002012,Office Supplies,Wilson Jones Easy Flow II Sheet Lifters
414,OFF-PA-10004156,Office Supplies,Xerox 188
415,FUR-CH-10003199,Furniture,Office Star - Contemporary Task Swivel Chair
416,OFF-AR-10000034,Office Supplies,"BIC Brite Liner Grip Highlighters, Assorted, 5/Pack"
417,OFF-BI-10004022,Office Supplies,Acco Suede Grain Vinyl Round Ring Binder
418,FUR-CH-10004086,Furniture,Hon 4070 Series Pagoda Armless Upholstered Stacking Chairs
419,OFF-BI-10003925,Office Supplies,Fellowes PB300 Plastic Comb Binding Machine
420,OFF-EN-10003862,Office Supplies,Laser & Ink Jet Business Envelopes
